first_name,last_name,address,salary ,age 
Fan,Livens,9155 Bashford Alley,44104.7,67
Georgie,Risdall,1690 Rockefeller Parkway,341161.57,49
Ximenez,McGee,7995 Alpine Plaza,77551.64,50
Axe,Dohms,45 Forest Dale Terrace,299904.28,63
Augie,Casine,381 Bunting Junction,294607.39,67
Haley,Peatman,336 Arrowood Plaza,210875.75,48
Chiquita,Cumberpatch,10852 Talisman Pass,151835.61,54
Ashlin,Gruby,22 Hudson Street,22685.82,79
Scottie,Ketchen,15 Northridge Avenue,101600.38,88
Marje,Hugill,27 Kenwood Road,346616.8,78
Theo,Meek,3256 Kingsford Road,285474.73,79
Yancey,Degg,88707 Utah Hill,152167.15,59
Kincaid,Syddon,73 Cottonwood Point,195869.96,23
Ashton,Gyurko,27129 Bowman Pass,309237.94,27
Fionna,Pettecrew,11 Lindbergh Trail,296194.98,29
Tarah,Solleme,4578 Walton Lane,238520.87,61
Tamarra,Wyllis,6704 Fulton Place,13794.94,28
Marthena,Gourlie,46656 Carioca Trail,253911.9,22
Orella,Cicconettii,53489 Eastlawn Park,54193.92,69
Genny,Broadwell,4 Roxbury Street,280542.01,37
Panchito,Fortie,7 Kedzie Park,68158.11,65
Erwin,Volks,1 Veith Avenue,267658.95,33
Tanhya,Colley,83229 Maple Street,185053.05,20
Mariele,Kirkpatrick,9 Lake View Hill,277658.71,24
Derwin,Brumbie,291 Swallow Circle,89113.59,30
Carilyn,Skelhorne,217 Gateway Pass,35719.05,80
Elaine,Mitchell,4 Fremont Lane,277686.86,61
Kitti,Lamb,1123 Iowa Drive,209944.77,55
Philippe,Copnall,728 Fisk Park,303862.72,64
Fanni,Cheverell,571 Haas Trail,167479.85,78
Liz,Dunster,4 Judy Circle,218271.77,22
Dwayne,Avraam,82375 Independence Drive,328393.69,87
Clarie,Cattermoul,95584 Sauthoff Point,9927.94,23
Clayborn,Penhalewick,6482 Eggendart Court,129926.37,71
Rancell,Loomis,30 Lindbergh Court,116206.06,53
Deirdre,Poulney,18603 Havey Court,109270.54,79
Leroy,Ornillos,31251 Helena Center,297868.54,25
Lauren,O'Luney,639 Starling Court,243698.04,67
Spense,Gross,8 Dottie Lane,15957.55,32
Giraud,Linley,77 Glacier Hill Street,165514.86,41
Amara,Boden,787 Commercial Drive,172064.38,88
Madonna,Brandham,3 Knutson Point,248063.0,78
Willette,Wippermann,51251 Prairieview Park,266123.33,77
Zonda,Renouf,7543 Parkside Point,199243.72,60
Rickie,Lampart,47240 Havey Way,202667.25,80
Dorothea,Ruggs,53 Burning Wood Alley,238040.02,86
Cindi,Norssister,1768 Charing Cross Parkway,173341.22,47
Rennie,Leyfield,19371 Shoshone Way,252550.08,85
Eddie,Ammer,9 Northland Court,220978.39,38
Hyacinthie,Sawrey,68 Glacier Hill Pass,344524.38,39
Gauthier,Legges,63 Becker Crossing,334697.42,79
Diarmid,Taree,08 Stoughton Terrace,15587.18,46
Edy,Hanster,413 Pawling Avenue,118808.56,83
Mora,Luckcuck,88330 Elmside Center,312962.01,31
Maxim,Gorstidge,138 Colorado Center,273607.92,54
Hadleigh,Jurgensen,0557 Portage Court,63392.51,25
Giffie,Spridgeon,12053 Sycamore Center,213363.67,77
Opal,Chappelow,5584 Jenna Way,233391.44,58
Theressa,Stockall,90264 Orin Trail,91074.32,25
Boniface,Bendix,892 Holmberg Road,275419.07,55
Aloin,Balsellie,2 Pawling Junction,154687.23,51
Shalna,Kittel,1381 Ridge Oak Circle,167876.81,90
Miquela,Allam,91780 Mifflin Center,198003.56,62
Ester,Prator,040 Kim Junction,92640.46,28
Keriann,Ceaplen,358 Melvin Lane,65352.71,74
Hershel,Mollnar,806 Graceland Avenue,54509.53,26
Kathrine,Bedward,82 Karstens Plaza,300099.0,65
Adam,Perutto,409 Cherokee Way,85464.5,63
Euphemia,Tongs,951 Garrison Street,183769.97,24
Weidar,Amber,682 Weeping Birch Point,299373.42,63
Thea,Gadesby,5 Goodland Point,11785.64,70
Kelbee,Burren,7 Dixon Court,27052.19,72
Timmie,Grouvel,13 Surrey Way,328077.59,45
Laurent,Chilcotte,828 Swallow Lane,184272.73,87
Jonie,Dragge,043 Thompson Point,141566.65,61
Harmony,Quincey,8 Spohn Junction,130006.95,86
Aubrey,Matusevich,65994 Division Crossing,115099.58,35
Cristal,Hinz,51 Macpherson Point,161492.0,83
Horatius,Vanichev,55 Lotheville Pass,109831.25,71
Bette,Scoines,66 Bonner Terrace,73829.27,56
Sterne,Barge,10 Ruskin Avenue,346693.51,52
Chester,Alam,6257 Parkside Center,248132.49,19
Mattie,Spall,2971 Spohn Terrace,168444.12,76
Loy,Hemphall,2400 Bartelt Lane,174637.8,77
Yancy,Lie,8376 Sommers Circle,342258.92,86
Ferdinanda,Rigate,513 Eastlawn Court,234622.0,57
Charyl,White,584 Grim Street,268229.22,28
Dulcinea,Winspur,8 Susan Parkway,293310.41,31
Eleen,Peter,967 Sullivan Crossing,83959.64,79
Harriett,Flewitt,13 Pawling Hill,241490.96,77
Ruttger,McBrearty,95 Eastlawn Street,178965.9,20
Maggee,Hunt,11839 Graedel Road,281029.87,59
Stephen,Greenrodd,51 John Wall Circle,56811.15,47
Barton,Wrathmell,43 Clarendon Road,20037.06,30
Rudolph,Norres,11642 Maple Wood Hill,258539.24,30
Gareth,Catford,33553 Lawn Street,275159.13,44
Lon,Mallion,52992 Vera Trail,83150.91,67
Shalna,Stodart,71098 Manufacturers Junction,91830.44,90
Tawnya,Moggan,983 Hanson Circle,13216.75,82
Natalee,Sommerfeld,694 Jay Avenue,132022.26,75
Den,Fer,96 Dovetail Way,174428.72,34
Franz,Noonan,79 4th Street,171226.47,53
Daria,Strete,267 Green Trail,3224.69,88
Dagmar,Chark,54 Lyons Crossing,174811.74,73
Baldwin,Hawford,79804 Meadow Valley Center,227236.52,67
Kassey,Crellin,85 Grasskamp Point,84885.29,54
Rick,Calderhead,21235 Hanover Parkway,151562.1,70
Gavrielle,McCuish,513 Manufacturers Alley,41895.57,75
Elinor,Lasseter,78241 Hayes Center,240242.49,65
Karoline,Eidelman,64 Mariners Cove Center,19163.85,52
Puff,Carsberg,28 Dayton Park,313223.69,64
Honey,Ghioni,0397 Stone Corner Plaza,22593.08,41
Reagen,Roblin,56 Hovde Parkway,267193.7,87
Gates,Supple,9976 Cody Center,234049.65,18
Dosi,Walworth,4 Moose Lane,35918.27,52
Eachelle,Anthiftle,243 Duke Drive,58423.56,42
Courtnay,Jeavons,53 Sachtjen Terrace,211798.9,70
Emilie,Alessandrelli,829 Bluestem Alley,265575.37,75
Godfry,Sitlington,24 Sheridan Park,148370.64,32
Celestyna,Passby,956 Texas Park,208692.13,24
Leisha,Hasloch,91818 Nobel Circle,218848.54,74
Bridgette,Twelvetree,67381 Moose Crossing,57219.02,43
Zabrina,Banbury,72 Mosinee Alley,85951.32,63
Lynelle,Tuting,276 Springview Pass,151085.28,54
Cameron,Swigg,2333 Debs Circle,142388.5,26
Des,Gutteridge,95 Green Ridge Street,309000.85,77
Broddie,Royans,51 Dennis Court,168611.14,19
Alejandro,Fenix,3 Saint Paul Court,88311.55,74
Fan,Guyer,747 Katie Center,92860.36,64
Brenden,Gerrett,9414 Browning Way,302268.58,27
Daveen,Howood,889 Meadow Valley Trail,157271.48,72
Hermine,Mauchline,8 Laurel Street,207892.69,55
Skelly,Baike,58 Lindbergh Hill,279080.51,25
Chester,Kyneton,89018 Lukken Terrace,78980.18,44
Agnella,Venney,172 Heath Place,4658.54,70
Yettie,Hultberg,91 Claremont Way,86058.16,70
Nariko,Mauchline,79646 Ridge Oak Hill,213989.17,47
Katine,Southwick,01187 Kingsford Alley,117553.93,78
Amabelle,Kiddie,69170 Northfield Park,9928.25,38
Herman,Bazely,9 Cottonwood Point,19307.93,35
Caritta,Pilipets,7653 Derek Court,216017.74,32
Rollie,Vasser,42 Northwestern Lane,58925.46,25
Amity,Loade,0 Springs Street,241035.09,28
Silvia,Di Giacomo,96986 Portage Drive,200893.88,51
Madel,Mc Caughan,9 Leroy Crossing,207015.28,23
Analiese,Dainton,87 Ruskin Way,256766.98,26
Dylan,Tejada,0 Fairfield Trail,37053.44,53
Bonni,Wickwarth,3554 Monterey Alley,133747.72,56
Shaylynn,Tombleson,9 Morrow Trail,115505.8,60
Neill,Plott,55 Lighthouse Bay Road,1577.64,39
Stern,Filov,5671 Sunnyside Terrace,89516.42,28
Glendon,Storer,463 Spohn Court,23570.35,69
Meade,Danneil,98304 Rigney Hill,165964.84,89
Corrina,Northbridge,34285 Esch Point,178021.3,28
Tandi,Pirolini,3 Dakota Court,116547.73,32
Ingaberg,Liffe,78 Stone Corner Terrace,339152.42,31
Carlin,Mundy,37820 Arapahoe Junction,257978.86,20
Bessy,Pyrton,5179 Darwin Way,37216.22,35
Chas,Tolle,6642 Meadow Vale Lane,72514.83,65
Bay,Fairman,91 Michigan Crossing,35862.67,90
Dianemarie,Standering,156 Eliot Drive,173073.51,53
Torrey,Mill,6 Forster Junction,275432.6,77
Nikaniki,Suddards,52 Toban Street,68012.61,39
Will,Rennox,19335 Corben Circle,101708.27,77
Felicle,Kopf,614 Grayhawk Road,1436.93,35
Issi,Dowden,279 Farmco Circle,322812.48,59
Adrian,Stranio,8 Nova Parkway,250895.14,31
Tammy,Dowdall,19505 Warbler Crossing,140244.92,51
Ase,Kealey,9 Ridge Oak Hill,156791.1,70
Graig,Peagrim,1 Dapin Road,317961.47,69
Kelly,Fenby,95 Donald Lane,48248.63,66
Corabel,Bethune,391 Lerdahl Center,79045.87,46
Etheline,Hayen,85016 Fordem Trail,110793.03,40
Petr,Devons,4413 Riverside Terrace,325957.35,86
Creight,Harp,20770 Southridge Road,27245.82,42
Rochelle,Kennedy,84 Dennis Park,31723.28,49
Dorry,Sketchley,4 Ridge Oak Point,266217.23,71
Kial,McDuall,9177 Sugar Trail,314767.54,52
Aubine,Malt,334 5th Drive,21417.39,62
Kala,Bittany,9812 Dottie Crossing,306450.98,45
Issiah,O'Haire,64972 Lakewood Street,17118.64,41
Tiertza,Linneman,98856 Mayer Way,315723.24,62
Barb,Poge,6 Graedel Circle,221652.78,62
Care,Doorly,2176 Prentice Center,17661.51,36
Frasco,Kertess,42 Tennyson Terrace,338920.97,67
Simone,Winsor,738 Hallows Way,152044.57,25
Evelin,Camblin,97829 Village Parkway,109217.69,29
Jacquelynn,Mottinelli,9 Bartelt Pass,155654.26,86
Tabitha,Lerhinan,26 Morningstar Terrace,96761.01,66
Fredrika,Catherall,29960 Milwaukee Pass,30286.38,21
Gav,Biles,90741 Vidon Drive,319955.86,61
Rockey,Orhtmann,3669 Warrior Terrace,38178.1,40
Carolyn,Bertouloume,70 Golden Leaf Junction,7480.83,64
Gabie,Bockmann,5787 Fairfield Way,305657.18,78
Gustavo,Piddletown,16589 Lukken Lane,47537.49,33
Roxine,Hoult,7 Vernon Lane,42682.52,74
Euell,Billison,4109 Pepper Wood Circle,87346.43,24
Phillipe,Shelborne,9412 Del Mar Point,15836.17,29
Elisabeth,Simonite,791 Waubesa Crossing,39278.37,60
Manny,Bayles,37 Corry Park,66997.0,73
Ardelis,Lackeye,92090 Main Hill,83140.16,77
Rikki,Sturdgess,47 Sullivan Plaza,308115.6,77
Teena,Craighall,1 Shelley Street,135234.76,67
Kane,Laws,45147 Morrow Terrace,160817.71,19
Jamesy,Mattioli,89381 Menomonie Park,88360.58,68
Cointon,Hinks,1 Dwight Lane,95140.0,59
Lorinda,Mattam,4845 Lerdahl Way,220168.49,19
Archaimbaud,Gloy,4857 Mitchell Terrace,201480.13,20
Ranna,Hayward,81602 Swallow Court,151694.36,41
Alyssa,Birds,273 Coolidge Parkway,126539.26,20
Vilma,Skipper,7 Starling Crossing,349611.13,67
Buiron,Lawerence,3008 Summerview Crossing,315918.07,52
Inness,Aviss,7718 Walton Trail,302379.46,60
Billie,Stormont,3 Calypso Terrace,248566.39,43
Alex,Kaszper,30 Debra Circle,312960.83,77
Sherlocke,Helleckas,11112 Cascade Circle,5341.46,28
Jabez,Mein,53 Barby Center,308839.49,21
Desi,Beaney,902 Prentice Point,322663.17,56
Curcio,Burcher,77 Melvin Road,160566.45,18
Katy,Stoeck,5 Fisk Hill,25609.22,60
Antonino,Davidek,4 Monica Circle,126031.66,63
Trevar,Khoter,9281 Fallview Terrace,147116.76,43
Corrie,Marryatt,6 Grasskamp Drive,283916.16,49
Francois,Redwood,0232 Heath Point,273745.26,84
Anet,Finding,27 Johnson Lane,165816.23,71
Elbert,Andrews,18071 Nobel Parkway,314211.11,37
Knox,Tubby,469 Haas Road,132146.47,64
Agnola,Pavlitschek,5 Charing Cross Parkway,239525.42,79
Huntington,Willmett,36 Quincy Plaza,162072.0,42
Turner,Godsmark,04936 Hanson Street,161716.61,61
Rafferty,Rankcom,81 Nelson Point,210631.8,77
Tatum,Battye,8502 Delladonna Parkway,223141.83,22
Jerrie,Yantsev,1996 Norway Maple Avenue,19790.69,54
Alisa,Van Salzberger,782 Surrey Street,182807.16,59
Laraine,Bullerwell,44 Mendota Road,211568.77,80
Janice,Nickoll,7 Thompson Parkway,303130.89,72
Delores,Order,9 Bashford Hill,50083.68,30
Mercie,Hare,50 Everett Parkway,65379.97,68
Michelina,Slainey,92475 Bunker Hill Court,279471.93,54
Trevar,Privost,3836 Everett Crossing,210098.0,53
Auguste,Doudny,48115 Lake View Pass,145505.45,34
Aarika,Andriveaux,847 Elmside Street,41627.33,25
Elita,Bowerman,3562 Division Circle,77948.14,19
Jethro,Mountcastle,2357 Village Way,86798.75,51
Fabe,Seeks,6287 Fair Oaks Alley,233776.02,33
Franz,Taudevin,8388 Briar Crest Place,91905.89,60
Kienan,Verdun,5901 Lighthouse Bay Plaza,237282.72,53
Hussein,Crawcour,4656 Saint Paul Point,154068.61,69
Cati,Snar,3 Hollow Ridge Junction,245679.14,64
Gregor,Barrass,981 Scott Plaza,324707.86,41
Gian,Asty,45884 Randy Pass,205955.54,62
Olympia,Jobe,90 John Wall Court,27506.6,63
Janel,Crann,6 Karstens Terrace,305054.28,66
Abbie,Zmitrichenko,00201 Mccormick Way,147635.84,29
Lacee,Maciunas,15 Maple Way,103550.2,47
Valerye,MacGaughey,909 Logan Road,109031.56,59
Lazaro,Whardley,0981 Clyde Gallagher Junction,305221.8,46
Ynes,Glasbey,90 Tennessee Drive,228162.34,78
Bobbi,Chappelle,238 Main Drive,220362.76,86
Carroll,Dorrins,462 Ludington Plaza,134050.23,78
Beryl,Wheildon,15549 Delaware Junction,269445.8,53
Rivkah,Pauley,013 Golf View Point,118925.83,33
Hogan,Claque,8326 Del Sol Place,25784.19,72
Ethelyn,Reimer,1 Lyons Parkway,164563.26,29
Kellie,Hayne,9 Grim Circle,299827.27,35
Lawry,Marielle,6 1st Street,227133.63,35
Coleen,McGraith,7 Fordem Place,53230.67,76
Estelle,Vittel,8686 Dryden Park,26519.74,28
Javier,Swatton,3 Rutledge Crossing,307025.82,86
Maisie,Drillingcourt,42 Lakeland Center,78389.9,66
Arlette,Iffland,36843 Jenifer Hill,277030.21,69
Elvira,Longhorne,77 Green Ridge Point,38066.36,79
Edie,Appleford,867 Meadow Ridge Drive,276329.57,41
Ranique,Feldmark,232 Tomscot Park,316269.8,57
Oliy,Sebring,6 4th Lane,138817.13,80
Datha,Barclay,1106 Shasta Plaza,151991.64,22
Torrence,Hallowes,9 Bultman Park,16101.73,36
Isac,Potkin,91 Kingsford Place,266185.79,70
Daryn,Cochet,005 Blackbird Plaza,199931.55,45
Findley,Moulsdale,5025 Vera Lane,22840.55,61
Keir,Stelfax,869 Rowland Parkway,30940.79,50
Ginni,Denerley,31 Scoville Court,233585.62,28
Colene,Abrahamsen,83 International Junction,187343.47,25
Sholom,Mandifield,20604 Springs Trail,139342.19,88
Geralda,Lehrer,2516 Morrow Point,300251.47,30
Conny,Chrystal,2 Magdeline Plaza,143188.53,80
Ashlin,Cronshaw,54 Manufacturers Terrace,314640.87,18
Lenna,Gimbart,69 Elgar Park,229846.71,71
Lind,Fice,3961 Dawn Pass,207385.67,50
Steward,Lambol,2207 Hansons Way,87037.75,21
Kaitlin,Pirot,23 Old Shore Point,80109.77,64
Binky,Jupp,39600 Granby Plaza,69160.65,90
Alexandro,Milner,2 Tomscot Court,175649.73,49
Kelsey,Lynn,8277 Park Meadow Point,122112.61,21
Gerhard,Sitlinton,0 Clemons Terrace,262033.27,57
Casey,Stevani,3 Thompson Street,76953.86,78
Vania,Ghirardi,73775 Commercial Way,268330.63,25
Emera,Handke,2 Holy Cross Street,121148.89,89
Amandie,Rakes,43932 Anzinger Circle,237225.14,21
Lorrin,Origin,6 Oneill Terrace,1196.14,19
Bucky,Coumbe,1274 Golf Junction,4668.16,39
Anya,Grestye,072 Hazelcrest Parkway,267492.38,69
Charlot,Arney,30 Florence Avenue,220921.11,34
Ferdy,Budd,3421 Bartillon Lane,8099.35,51
Tarah,Nash,54056 Rusk Circle,69838.01,32
Hilton,Powis,305 Lake View Junction,299723.86,26
Francis,Gentric,3235 Hoepker Street,25635.83,75
Oona,Karle,21 Glacier Hill Pass,91066.43,36
Nichol,Pouck,9 Fair Oaks Avenue,189599.98,76
Modesta,Gripton,78069 Sommers Park,329581.91,62
Niki,Freckingham,54 Ronald Regan Avenue,143412.04,83
Clement,Sparshutt,30 Service Plaza,77359.86,53
Yorgos,Ferrettini,3147 Dixon Plaza,283101.49,70
Gifford,Leehane,2 Hoard Park,75111.86,61
Lori,Kolin,599 Shasta Crossing,70482.44,26
Evin,Beachamp,52 Hagan Hill,141263.05,43
Yolane,Salan,21 Muir Terrace,266483.21,41
Flinn,Rodbourne,88194 Corben Terrace,197018.5,33
Kristal,Launder,774 Amoth Circle,152735.65,22
Paige,Godleman,72323 Shopko Court,210062.18,40
Jacklyn,Eisig,4 Blackbird Park,68366.31,29
Ragnar,Hillhouse,8 Valley Edge Avenue,290899.05,23
Shannon,Shelbourne,2914 Monica Center,277172.98,67
Franky,Petters,78801 Cardinal Way,261767.57,46
Correy,Woolfall,2608 Shasta Park,262585.77,80
Anabel,Mangion,0 Manufacturers Way,307558.34,45
Salomo,Pear,1 Gerald Street,129022.1,58
Hewie,McLucas,09 Colorado Lane,56859.09,37
Tatiana,Grinley,851 Springs Crossing,129604.78,59
Reggy,Yglesia,66 Magdeline Terrace,145689.63,20
Alessandro,Adlington,46445 Novick Junction,69748.62,43
Rab,Gasquoine,33 Daystar Court,173945.86,62
Maurine,Jessop,9 Superior Pass,286087.67,35
Elvyn,Rayhill,3776 Mccormick Center,338725.13,24
Cristina,Crosier,80256 Eggendart Alley,189357.24,46
Kurtis,Zukerman,5 Fulton Pass,147809.23,34
Sasha,Dunne,0 Warrior Junction,303685.89,58
Davina,Morsom,7527 Bultman Plaza,181814.63,48
Doralynn,Luxton,237 Crownhardt Road,45238.09,47
Jude,Abbets,0361 Lake View Road,294618.96,88
Robbin,Gianneschi,12802 Scott Trail,88533.36,41
Aurelea,Thornally,84 Rusk Road,128513.51,44
Graeme,Jelkes,0294 East Street,131235.17,72
Carlyn,Currington,618 Little Fleur Place,31900.29,83
Rafe,Hutson,8 Springview Place,26293.58,90
Verene,Gresly,98 Monument Crossing,305001.84,74
Giulia,Girone,039 Esker Trail,75398.0,68
Joli,Perllman,2 Shasta Way,3037.56,62
Cullen,Medlicott,812 Declaration Way,49712.31,46
Roldan,Grzesiewicz,65706 Dovetail Pass,141988.53,55
North,Acott,2 Pepper Wood Crossing,24177.51,64
Charley,Grundwater,1 Burrows Plaza,204184.0,19
Caryn,Behr,5690 Scott Way,97246.46,47
Nerita,Welling,0795 Evergreen Point,26356.78,72
Maryanna,Cranfield,2 Dwight Plaza,158909.97,27
Edgar,Leagas,9943 Bluejay Street,46884.41,18
Tricia,Thouless,98265 Atwood Road,68674.81,71
Cam,Treweela,6 Corry Crossing,241582.51,60
Rowan,Demangeot,31371 Cody Way,53641.42,22
Janeta,Ferne,107 Springs Terrace,155538.7,51
Maurie,Royan,2416 Golf Alley,133555.51,49
Godfry,Grunnill,384 Texas Parkway,216884.78,70
Igor,Grinnov,73 Carioca Pass,329510.36,54
Sallyann,Combe,493 Gulseth Avenue,39509.42,70
Arlana,Routley,2289 Sullivan Way,245047.26,86
Gillian,Paal,39 Karstens Point,289400.87,85
Nedi,Ayliffe,3 Anderson Circle,283178.24,79
Theressa,Kubis,8 Prairie Rose Lane,304153.32,82
Adah,Kytter,777 Northwestern Park,226759.41,37
Ansell,Ridgwell,4 Prairieview Drive,254631.81,53
Fidela,Peace,9371 Hovde Lane,73705.35,62
Donnell,Cleyburn,63701 Main Street,11195.29,83
Lethia,Birwhistle,7 Sundown Junction,105888.38,73
Ruby,Pendergrast,6 Sugar Crossing,29900.49,53
Denney,Finker,0 Toban Pass,184296.78,72
Carlita,Offener,0 Larry Hill,53550.17,70
Alley,Bome,96 Haas Crossing,1300.01,24
Cyrille,Grubb,805 Melby Pass,148493.85,20
Geordie,Fairholme,55817 Northwestern Center,344974.4,41
Silvio,Rideout,6561 Declaration Hill,278269.3,76
Desmond,Antao,4505 Mayfield Park,242312.38,84
Deidre,Hamlington,7 Westridge Hill,94540.79,46
Etienne,Baiyle,5427 2nd Drive,78485.82,54
Glennis,Fuchs,4783 Hooker Drive,21477.27,74
Valentina,Coard,82547 Green Junction,151276.56,43
Paolina,Kitney,3457 School Street,282170.45,65
Berna,Basnett,117 Mendota Park,162948.16,37
Donni,Fiddiman,67 Susan Drive,217565.89,74
Phylys,Melbourn,6897 Walton Trail,304411.09,36
Kirsti,Kosiada,8638 Ludington Junction,296100.04,76
Barny,Maso,50 Forest Road,2273.31,49
Sven,Bevans,07888 7th Drive,221003.28,67
Godwin,Kinglake,6 Cambridge Crossing,230285.14,84
Merlina,Chicken,933 Larry Way,151617.55,63
Janine,Pregal,34884 Monument Hill,47482.19,49
Kacie,Rubroe,57101 Warrior Way,64065.12,87
Enrica,Dugdale,0520 Larry Lane,137932.8,56
Sheridan,Mordacai,3 Meadow Vale Junction,286904.9,83
Alonzo,Romaine,7 Saint Paul Hill,86554.81,76
Elka,Borel,45273 Lighthouse Bay Court,237061.38,71
Sharon,Leighfield,793 Bonner Terrace,216720.0,58
Domingo,Brumby,1135 Barnett Crossing,114688.18,62
Bartholemy,Kristiansen,5908 Hansons Avenue,108452.27,76
Salomone,Gilhouley,6 Morning Alley,266066.47,34
Rozele,Kerss,88026 Red Cloud Way,176159.11,81
Fallon,Fishpool,175 Duke Crossing,327638.36,44
Madge,Bauldrey,923 New Castle Trail,320470.29,28
Erskine,Sybbe,204 Hanson Terrace,130929.99,26
Ephrem,Cranidge,0 Ridgeview Lane,39065.42,35
Mella,Stollmeier,2342 Welch Plaza,125893.78,84
Abramo,Rowat,05 American Ash Terrace,114062.05,36
Ros,Keaveney,5583 Manitowish Point,83490.57,58
Aggy,McKeever,3761 Judy Trail,192934.23,72
Katheryn,Scutt,34867 Iowa Way,137936.51,44
Elie,Pactat,15975 Rusk Crossing,92757.98,45
Burke,Stores,09 Ronald Regan Way,166.48,42
Hillie,Vallender,3 Kingsford Hill,62895.26,57
Arv,MacGown,7 Marcy Crossing,327209.83,38
Trixie,Camsey,93 Meadow Valley Trail,226903.18,41
Gerri,Darko,6852 Packers Crossing,90041.86,28
Rich,Georgiev,95 Memorial Court,18427.77,54
Gibbie,Levene,379 Maywood Hill,66273.0,86
Edy,Dummigan,5142 Norway Maple Way,188944.57,19
Nathan,Orrell,03 Starling Junction,335562.93,42
Amalee,Hannaby,24 Paget Road,224831.62,47
Amerigo,Keiling,5240 Calypso Point,285888.74,38
Estevan,Lyenyng,5826 Welch Court,83748.47,87
Delly,Edmonston,39935 Surrey Pass,226553.76,57
Emmye,Duerden,6431 Texas Terrace,323297.4,55
Jonah,Vasiltsov,01 Maple Way,35058.61,47
Had,Shaxby,2901 Bartelt Drive,282043.78,36
Genni,Folder,8715 Towne Street,265848.0,74
Cyndy,Bitterton,87 Arapahoe Drive,199803.61,39
Maxim,Cancellieri,070 Iowa Circle,154118.05,66
Koral,Gammack,521 Spaight Court,123106.81,54
Georgeta,Coleshill,61 Graedel Trail,123363.76,54
Guthrie,Leroux,3937 Norway Maple Trail,187071.1,81
Kevan,Paff,4100 Randy Court,274550.93,36
Tracie,Snarr,8625 Swallow Terrace,79260.65,75
Jedd,Lebarree,89 Forster Junction,172889.9,23
Mordecai,Hawkslee,997 Farmco Junction,240141.74,59
Carlota,Baldrick,79254 Melody Crossing,227134.11,49
Bobbie,Bartoleyn,115 Cascade Crossing,179838.49,24
Judon,Halloway,16075 Grayhawk Street,209316.49,85
Daron,McConnulty,61 Golf Course Road,100495.04,41
Bud,Starmore,46167 Arapahoe Way,133967.55,52
Demetria,Burdon,7 Milwaukee Crossing,260797.37,60
Talyah,Di Lucia,0 Magdeline Court,29381.99,51
Kendra,Nijssen,194 Maywood Point,205036.43,61
Courtney,Petrakov,945 Shopko Parkway,283758.48,59
Nelson,Ghiotto,1771 Loomis Terrace,15118.01,79
Llywellyn,Seamen,7 8th Circle,298200.0,86
Saul,Butteris,30585 Doe Crossing Hill,337625.23,66
Averil,Leith-Harvey,90 Mcbride Lane,156819.51,68
Rivkah,Carbett,159 Redwing Trail,258190.47,67
Emmanuel,Vears,329 Sycamore Pass,214680.65,36
Madlin,Irving,91659 Montana Junction,291856.13,72
Vasili,Scudder,753 Center Park,128052.27,84
Erina,Facchini,35879 Merry Circle,34163.87,49
Elsinore,Reichert,81062 Fuller Way,130744.89,66
Chris,Hair,01545 Lien Trail,208821.73,42
Tulley,Oxenden,915 Lyons Plaza,123219.5,36
Walsh,Di Bartolomeo,4556 Basil Parkway,121691.31,24
Lita,Byles,5271 Banding Terrace,331176.45,71
Melvin,Whittuck,36097 Donald Drive,108337.62,60
Maye,Peasee,872 Lukken Drive,313552.07,24
Odo,Jerratsch,53 Di Loreto Park,273892.38,23
Laurianne,Hastewell,75 Mcbride Drive,125343.17,80
Perry,Edmenson,3 Montana Center,145374.95,40
Pammie,Ardley,045 2nd Road,263289.54,18
Rebbecca,Cadwallader,3806 Pawling Way,336571.54,39
Lynnet,McCrorie,1 Bunker Hill Center,146971.9,70
Andris,Aspin,9 Scofield Place,132629.0,29
Thaddeus,Classen,49875 Judy Way,219685.94,50
Carmencita,Schmuhl,1 Clyde Gallagher Avenue,84904.4,68
Annaliese,Hearsey,728 Charing Cross Way,312521.81,60
Demetris,Dreakin,49889 Kenwood Road,147829.7,88
Mace,Dmitr,9508 Oneill Road,122040.46,39
Ed,Bonsey,34149 Manitowish Pass,344478.37,33
Moses,Giddins,355 John Wall Court,212257.97,44
Ernaline,Volkes,3 Pond Point,306.93,41
Georgeanne,Cayet,201 Ramsey Road,26419.55,31
Peyton,Dell Casa,357 Dayton Road,98298.25,37
Marcy,Rivard,66440 Kinsman Terrace,96540.24,26
Effie,Chislett,8 Debra Alley,282531.36,34
Alaine,Gimbrett,5695 Cambridge Plaza,274593.15,73
Vania,Imlin,597 Montana Point,200407.73,32
Talbot,Hammor,40599 Waywood Drive,98743.37,40
Mike,Somerfield,70158 Holmberg Crossing,150678.86,32
Billie,Clymer,2 Ohio Avenue,231761.95,31
Quinta,Crowcroft,43 Mitchell Avenue,322590.41,71
Darelle,Woolacott,5997 Marcy Street,70855.15,64
Harrison,Musprat,7953 Bultman Way,304776.17,64
Hadria,Timeby,26 Kropf Pass,138910.6,76
Nedda,Conigsby,849 Jana Place,204834.74,68
Riccardo,Baskwell,38341 Bunting Alley,16775.83,48
Corey,Millmoe,7773 John Wall Circle,12095.85,61
Ade,Pinks,6746 Northport Circle,339727.4,20
Clemmie,Clelland,9536 Garrison Court,126335.41,80
Barb,Pockey,658 Carey Place,189890.43,82
Tuck,Braznell,050 Hauk Street,39838.51,65
Esdras,Stampe,8 Dwight Crossing,239557.7,78
Janeen,Sukbhans,56611 Burrows Avenue,217217.27,77
Beniamino,Cayser,98846 Dakota Way,49512.66,23
Chrissy,Morrel,927 Larry Court,254180.03,61
Lemmie,Jeens,9 North Crossing,47920.84,55
Colly,Edgar,33 Fair Oaks Avenue,172781.37,75
Audre,Yuryatin,42 1st Hill,314450.41,31
Vassily,McKiddin,8 Buena Vista Center,126293.7,75
Sheffie,Raper,07443 Maple Wood Crossing,275789.41,34
Row,Spinola,577 Iowa Road,227635.5,58
Gerardo,Dimitriev,96949 Hagan Court,210184.16,38
Shelby,Langtree,451 Hazelcrest Center,259958.43,81
Norma,Ghiroldi,579 Maywood Trail,71933.51,84
Harwilll,Lyddon,06 7th Avenue,327549.06,64
Drona,Law,7665 Messerschmidt Center,200127.19,64
Magdalen,Taberner,41650 2nd Avenue,180057.94,45
Birgit,Shropsheir,2375 La Follette Pass,266770.0,36
Berkie,Yitzhak,47909 Steensland Park,72268.28,32
Murry,MacConnechie,482 Esker Lane,195725.3,28
Elijah,Bucknill,552 Lighthouse Bay Avenue,134703.55,82
Reece,Dibbin,6548 Northport Plaza,238102.37,84
Chris,Neylan,21420 Talisman Trail,136146.54,30
Jasper,Cockling,2147 Carioca Street,313786.15,59
Dasie,Hugonet,46 Shelley Point,302988.01,77
Cobb,Bernardi,032 Melody Park,199700.13,49
Billie,Worviell,3 Saint Paul Road,83197.01,64
Kirstyn,Clementet,3 Arrowood Trail,111491.84,55
Andriana,Josey,2 Melby Park,67361.72,33
Leodora,Wass,433 Stang Junction,261529.26,88
Lemuel,Lyman,998 Raven Alley,305399.02,61
Rube,Normant,31334 Corben Pass,255958.96,33
Batholomew,Eaglesham,6938 Hollow Ridge Junction,97595.41,50
Franciska,Vallerine,7 Forster Point,301533.76,90
Maire,Domino,0237 Helena Center,267570.62,77
Rosella,Mingasson,20597 Arizona Parkway,308845.52,36
Vinnie,Pyatt,708 Ridgeway Center,296427.11,60
Katlin,Callender,78 Crownhardt Court,44043.76,78
Star,Wibrew,13423 Columbus Crossing,122793.16,71
Blinny,Dewsbury,26 Shasta Pass,176893.75,72
Sharline,Hellin,4 Carpenter Point,155852.07,33
Shelley,Bool,700 Oneill Circle,96491.31,73
Stearne,Geffinger,99 Dexter Avenue,184390.58,53
Naoma,Kettel,47 Del Sol Crossing,110056.87,83
Corry,Greenard,805 Dexter Alley,294897.73,58
Betsey,Ashness,8 Karstens Center,218420.65,83
Leodora,Washington,847 Dawn Hill,284626.1,52
Cedric,O'Noulane,31117 Sheridan Point,86843.31,83
Willyt,Ackrill,998 Ronald Regan Street,81621.14,64
Christina,Seemmonds,79851 Express Plaza,75023.3,61
Nappie,Jakubowsky,7 Randy Drive,51427.96,69
Cody,Philippeaux,5433 Packers Point,112349.56,74
Simonette,Gatus,710 Schmedeman Circle,210276.29,55
Gerry,Pettengell,9 Nova Plaza,3583.23,71
Georgette,Francke,7 Buhler Terrace,250456.01,44
Marcel,Allnatt,31536 Fisk Avenue,116865.76,36
Estrellita,Vallentin,075 Armistice Parkway,23053.57,31
Dorothy,Fairman,06520 1st Place,199588.44,72
Binny,Gerardin,51 Eliot Place,66192.44,63
Innis,Cockarill,8888 Hovde Junction,311145.33,77
Fran,Waller-Bridge,369 Banding Plaza,231459.99,26
Flynn,Lavender,6 Prentice Pass,38286.51,51
Leontine,Bourley,275 Ryan Trail,86380.16,86
Kylila,Gulley,6 Del Mar Pass,316158.34,72
Suellen,Bowmen,01 Maple Wood Road,227521.62,78
Maje,Lowles,884 Sherman Lane,21197.3,53
Ellsworth,Vondrys,6 Helena Pass,302138.0,38
Hillyer,Stoggles,303 Thompson Center,114054.74,79
Correy,Cunrado,161 Elmside Way,72409.27,82
Koo,Colt,838 Rutledge Pass,109463.47,43
Leicester,Alekseicik,05776 Springview Point,312880.93,32
Seana,Cardoo,33 Roth Parkway,299562.98,41
Dita,Dunn,8 Lukken Place,312833.48,78
Fielding,Riggulsford,8439 Warbler Way,136971.23,89
Raviv,Causton,8 Riverside Street,275975.69,81
Harlene,Trusler,27472 Mandrake Pass,18899.12,21
Mirella,Barents,77175 Coleman Drive,195276.46,52
Bliss,Ilson,84772 Comanche Way,153036.47,65
Fayette,Oxton,717 Arizona Way,273597.0,65
Jandy,Barrott,79 Anniversary Lane,201721.35,62
Werner,Zanazzi,46 Monument Court,60219.86,25
Wyndham,Lanaway,08 Butterfield Center,170591.85,87
Shirleen,Radin,0 Oakridge Point,334899.99,27
Erek,Boniface,5 Oakridge Pass,332246.0,86
Biron,Honywill,8695 Swallow Circle,302545.34,29
Zebulen,Noe,46310 Dahle Center,188094.36,40
Gian,Orrin,40 Marcy Parkway,184067.02,68
Thomasa,Kiellor,20240 Manley Park,348059.12,38
Beverlie,Conibeer,3345 Meadow Valley Park,96812.93,53
Connie,De Mattia,72 Thompson Place,175495.49,29
Melicent,Bicksteth,35 Fallview Crossing,344394.02,24
Lexis,Dorrian,8 Oak Valley Street,342880.28,26
Melitta,Lauderdale,4297 Gateway Circle,87114.33,76
Adair,McIlvenny,4185 Chive Drive,255546.43,74
Cornelle,Lukas,79644 Drewry Crossing,140257.84,48
Zilvia,Cutridge,795 Dahle Avenue,242155.01,87
Laurene,Ianilli,7 Barnett Place,138813.35,65
Marilin,De la Eglise,0865 Kinsman Drive,339019.63,61
Kristofer,Eberlein,87301 Lawn Pass,205959.5,53
Beulah,Rowthorn,96 David Way,215611.01,24
Claude,Hollingshead,5 Morningstar Way,203442.47,48
Evanne,Stanley,58536 Kensington Hill,241076.73,84
Renaud,McAirt,43 Stephen Crossing,73559.77,53
Ulla,Hitzschke,580 Waywood Avenue,338740.16,72
Melita,Hubeaux,2148 Almo Lane,47573.61,25
Hugibert,Eake,36359 Luster Plaza,116498.59,48
Gert,Baly,8 Sachs Plaza,330282.57,50
Dorita,Bubbear,86099 Hollow Ridge Center,213175.95,61
Cynthea,Lavens,7868 3rd Street,226449.84,30
Adriane,Message,402 Mayer Hill,14242.44,81
Jerrilyn,Gieves,8414 Armistice Avenue,212499.27,58
Maxim,Burnside,48203 Glendale Road,253326.33,38
Alys,Jones,7 Rowland Drive,348925.96,32
Barrett,Brereton,46946 8th Place,192930.11,90
Alikee,Adne,27973 Farragut Terrace,83609.47,81
Leonhard,Markson,6541 Emmet Avenue,103805.94,65
Pasquale,Andryunin,55 Straubel Crossing,214016.75,56
Cord,Rene,9644 Buena Vista Trail,232131.29,21
Rand,Durrand,80 Jay Plaza,181891.2,51
Averil,Kollach,9452 Lakewood Gardens Pass,52618.77,36
Melissa,Martini,145 Veith Plaza,126076.77,80
Sydelle,Earwicker,3 Graceland Hill,254181.78,36
Karena,Vannuccini,2 Basil Park,100148.93,58
Natty,Saull,54 Reinke Drive,263572.05,38
Gilemette,Rome,4 Maryland Trail,285125.3,30
Cesare,Fillingham,6 Lakewood Gardens Street,292697.83,41
Anthony,Rolfini,29696 Warrior Crossing,706.36,80
Jilleen,Caitlin,1813 Anderson Junction,335339.22,76
Kyle,Wartnaby,1777 Sycamore Crossing,89523.56,53
Errick,Bottini,48596 Macpherson Street,323128.85,85
Elden,Spedding,429 Continental Drive,199361.59,60
Danit,Brettel,691 Dakota Plaza,59097.81,45
Radcliffe,Krzyzanowski,798 Buena Vista Place,94160.94,90
Jaymie,Caddick,3696 Orin Way,58401.15,29
Noelani,Piddington,3 Weeping Birch Point,174346.8,80
Karlee,Geibel,181 Namekagon Point,254982.97,31
Edward,Rawlins,28353 Shoshone Point,303501.28,81
Vonnie,Branney,85562 Calypso Pass,15552.79,38
Michaeline,Pine,190 Derek Way,260261.2,66
Junie,O'Cahsedy,6126 Barby Avenue,13431.84,55
Papagena,Tomowicz,5516 Scoville Way,48215.25,36
Petunia,Abrahamsohn,7 New Castle Plaza,78608.57,61
Rafi,Ormes,7164 Pine View Circle,109808.31,49
Bernadina,Stevani,956 Del Mar Terrace,115914.19,24
Sydel,Maro,023 Trailsway Place,279711.93,29
Kain,Hennemann,1475 Novick Court,329179.0,82
Kathy,Waddy,41 Ridgeview Hill,47575.63,90
Gratia,Kiehnlt,90 Lakewood Gardens Point,267849.64,37
Padgett,Yvens,43055 Dryden Street,3848.05,23
Inigo,Waldock,029 Jenifer Alley,222983.0,42
Hayden,Sommerled,28 Sycamore Junction,24674.73,68
Kincaid,Lote,7779 Lakewood Gardens Crossing,14870.62,36
Kara-lynn,Babalola,8743 Northview Drive,169013.43,66
Sonja,Verrick,8 Warbler Lane,332985.64,85
Jonah,Jacob,170 Golden Leaf Street,270995.96,55
Korney,Smorthit,3209 Barnett Terrace,297605.78,28
Harmonia,Celier,5 Dwight Circle,46166.2,28
Ermengarde,Liddon,199 Hanover Place,153698.05,80
Vitia,Blencoe,885 Mesta Court,158973.06,33
Delmor,Eudall,95570 Myrtle Drive,168670.49,58
Rafaellle,Marchelli,63 Graceland Street,39618.99,83
Merralee,Truce,5871 Paget Point,112032.7,59
Kristal,Clowser,3959 Pine View Lane,193465.96,57
Wernher,de Marco,6771 Katie Place,332489.42,63
Lauritz,Cullin,998 Charing Cross Drive,213455.72,56
Adaline,Muncie,7443 Logan Road,169469.09,47
Annmarie,Aers,639 Caliangt Road,190831.83,74
Agnesse,Gottschalk,9404 2nd Hill,68638.05,45
Ilse,Grummitt,42 Arkansas Drive,348606.85,20
Thorny,Ferreira,3192 Village Terrace,284383.56,71
Aggie,McNeilley,12653 Hazelcrest Lane,334952.8,79
Janella,Koene,78076 Colorado Alley,204391.34,34
Allen,Mears,74 High Crossing Parkway,172254.57,49
Tomlin,Bruford,82430 Warner Point,196427.69,81
Mohandis,Hadley,0197 Troy Lane,15676.36,39
Jeanie,Metts,031 Jenifer Hill,186268.49,25
Velma,Breinlein,07518 Ruskin Pass,310154.44,19
Hedwiga,Nusche,4577 Steensland Terrace,330885.87,89
Darcy,Inkle,16743 Esker Way,162746.75,39
Izabel,Ivashinnikov,778 Maple Wood Place,208374.69,26
Eric,Deverall,63565 Oneill Parkway,205494.92,27
Kippie,Boyall,3 Talisman Parkway,239989.04,39
Art,Dinjes,3 Independence Center,289841.26,26
Ethelda,Suermeier,5288 Fairview Avenue,113134.65,22
Titos,Dellenty,6 Warner Lane,86256.17,30
Hunter,Leopold,197 Pleasure Avenue,197807.65,33
Courtney,Meffen,327 Algoma Point,128632.64,86
Grannie,Cuddon,8 Fieldstone Crossing,82789.22,28
Chrisy,Taig,1 Bunting Point,117060.73,88
Jed,Durnill,25 Homewood Court,213291.12,65
Rex,O'Grada,0549 Pierstorff Circle,278504.41,58
Mac,Abramof,269 Warrior Way,25432.33,67
Maren,Peiser,7 Lawn Lane,293363.84,52
Gery,Pickerell,00316 Cordelia Hill,102870.08,56
Jessamine,Stiven,6 Darwin Plaza,242204.88,44
Olwen,Wilfing,99984 Russell Terrace,200450.8,36
Cristina,Kilmurry,89625 Pepper Wood Pass,151856.47,26
Rosmunda,Stanley,0 Arkansas Drive,278324.99,30
Beale,Sarton,998 Debra Lane,178829.93,80
Tammie,Bosomworth,92 Toban Avenue,299360.52,69
Alikee,Lincoln,52979 Saint Paul Crossing,311708.17,72
Darbie,Veracruysse,13 Forest Run Hill,15402.38,90
Diego,McKague,36028 Stone Corner Avenue,9045.49,79
Brynne,Feaster,5534 Carioca Street,189065.21,77
Avis,Garbert,3 Portage Circle,92909.25,80
Roberta,Offill,94 Talisman Point,31161.1,67
Greggory,Philipard,143 Scofield Road,189713.5,74
Waring,Sibbering,2 Gale Point,181812.55,45
Isabel,Davitt,59113 Ilene Junction,254351.82,66
Ariel,Files,0005 Shelley Hill,247565.31,44
Farly,Crab,035 Rutledge Parkway,198942.52,46
Yuma,Himpson,4077 Oneill Street,278322.31,26
Janel,Bromell,03951 Springs Trail,8702.13,62
Nance,Knowlson,3898 Bultman Crossing,119638.91,90
Antony,Ovell,091 Toban Drive,209435.06,20
Cornelia,Ince,599 Springs Plaza,315743.02,79
Emmalynn,Stack,0185 Blackbird Parkway,3802.26,77
Lexine,McMyler,69 Melody Trail,333740.0,28
Barbi,Rickaby,6438 Sunbrook Plaza,3601.34,63
Lizette,McKinty,493 Harbort Drive,32505.45,65
Rice,D'Abbot-Doyle,8 Fieldstone Alley,138051.4,76
Mart,Bellin,51 Dixon Junction,242203.23,38
Trip,Grindley,5 Fairview Place,271990.58,22
Jill,Douche,7720 Eagan Crossing,245869.66,42
Milt,Furnival,08 Red Cloud Point,215651.0,83
Karola,Burrells,800 Huxley Parkway,283547.59,56
Ilsa,Mohammad,95 Charing Cross Point,206615.57,64
Stella,Hughland,4 Vera Drive,196018.26,22
Chaddie,Bosche,3411 Warner Avenue,91161.1,60
Krystalle,Benadette,631 Nancy Center,264811.15,75
Tim,Diss,38 Warrior Drive,149928.17,36
Boony,Klainer,2773 Columbus Point,120215.38,73
Urban,Golley,421 Muir Parkway,307440.83,45
Dyna,Beetham,8 Porter Avenue,160963.3,45
Sada,Hakeworth,9169 Transport Hill,262727.08,60
Amber,Draayer,3714 Loftsgordon Junction,120524.89,72
Estella,Brandacci,5 Banding Park,87511.53,28
Torey,Scholler,15341 Village Green Way,191986.52,75
Egon,Klimczak,762 Carioca Alley,52974.0,70
Darrin,Huggett,5732 Magdeline Circle,61775.27,44
Sebastian,Rangeley,03538 Oakridge Parkway,232654.77,83
Clarette,Panton,7598 3rd Pass,313944.0,38
Charis,Latch,050 Mcbride Alley,126022.06,75
Luca,Bourton,57 Nobel Plaza,322353.99,74
Lydie,Billiard,696 Meadow Vale Place,67689.87,40
Zebedee,Livsey,2 Mockingbird Junction,235248.55,82
Isabella,Strettell,175 Bobwhite Alley,46227.76,53
Scarlett,Beveredge,87 Darwin Center,95079.6,37
Hazel,Este,385 Prentice Road,211264.72,19
Tabbatha,Cliburn,29846 Division Center,225709.0,87
Minetta,Strutz,3 Hoffman Way,246231.39,49
Mischa,Stuttard,0 Green Ridge Point,142809.22,40
Akim,Dungate,9745 David Circle,198518.71,59
Rey,Kitchinghan,21 Bultman Avenue,307394.43,34
Edyth,Hamberston,39289 Nova Street,117437.41,22
Terrance,Noakes,32857 Texas Hill,175583.26,42
Mela,Millis,1 Westend Parkway,221085.84,54
Shep,Carbine,80824 Carey Center,146225.82,73
Lorinda,Heading,91148 Banding Road,23748.31,69
Anne-marie,Teliga,8 Dapin Drive,216979.73,30
Mattias,Battrum,8 Hoard Plaza,234200.06,68
Lonni,Jeens,1 Scoville Hill,23532.94,87
Massimiliano,Wesson,0442 Springs Parkway,57498.23,87
Allyson,Pass,387 Brown Hill,95747.0,21
Bailie,Rubrow,3956 Moose Trail,26167.51,86
Roberta,Franey,806 Mallory Center,277202.35,28
Hilda,Allonby,899 Sunbrook Way,281801.33,43
Odette,Antonnikov,25 Acker Hill,108900.58,67
Cindelyn,Helsby,3 Talisman Pass,33680.63,27
Mikel,Woollard,95 Columbus Circle,284597.81,64
Hillier,Feldhorn,171 Ronald Regan Parkway,140936.77,33
Sterne,Ashlee,44 Stoughton Road,18687.66,73
Joete,Wilsee,53 Beilfuss Trail,119410.88,74
Carrie,Edmed,819 Fordem Park,138325.6,42
Dickie,Moggie,37 Dottie Parkway,217001.26,55
Arther,Mynett,589 Debra Junction,281348.36,90
Stavros,Wardesworth,8 Karstens Way,266891.46,61
Rhodie,Danielli,0998 Southridge Parkway,153919.77,40
Meredeth,Stayt,1567 Westport Pass,181095.64,19
Phyllys,Brettoner,30 Carey Crossing,201521.51,18
Jelene,Cammell,7035 Doe Crossing Plaza,119138.57,21
Archambault,Josey,435 Continental Center,175396.34,18
Johny,Tirkin,26886 Namekagon Parkway,297021.45,69
Peterus,Martinon,70 Grayhawk Avenue,171891.43,33
Vern,Stambridge,17473 Mccormick Lane,39164.85,31
Ricky,McUre,90 Esker Place,316025.82,52
Tatum,Fehner,081 Nobel Drive,97821.69,80
Nicolais,Dureden,85959 Moland Terrace,259816.98,79
Claiborn,Caselick,450 Browning Pass,270073.07,85
Leila,Mc Comb,8548 Dahle Park,247098.98,52
Barby,Blow,24 Corben Circle,278444.05,74
Roze,Arents,298 Straubel Center,338890.64,60
Jennine,Van Haeften,8 Monterey Hill,179559.55,24
Catlin,Jestico,78002 Sheridan Junction,197547.71,76
Marissa,Danilyuk,28 Springview Place,293761.83,87
Petronia,Chalfont,93923 Carpenter Court,179984.28,68
Sheffy,Mannion,6 Nancy Center,36392.35,80
Evangelin,Kenyam,9 Coleman Circle,136574.33,76
Matthew,Sukbhans,7691 Hanson Road,145191.44,23
Rolf,Maffucci,3 Tennyson Way,243049.52,57
Stefania,Bruce,0 High Crossing Junction,330324.55,77
Homer,L'Episcopi,7300 Cordelia Crossing,346424.98,50
Myrwyn,Pendry,8 8th Circle,76836.4,76
Gregory,Inwood,4 Morrow Circle,299430.51,74
Blondy,Crackel,6 Dapin Plaza,345115.9,86
Bryon,Petrus,445 Nobel Park,82115.33,68
Lorens,McParlin,0 Crowley Plaza,106520.53,58
Colette,Boxell,70 Hintze Avenue,302609.19,57
Gwenni,Tunkin,5295 Bobwhite Street,21005.06,59
Tamera,Heddan,2357 Kings Circle,290418.7,88
Meghan,Sturmey,256 Thackeray Lane,76549.43,69
Corrianne,Gitsham,084 Toban Crossing,293806.5,43
Matthus,Riddiford,961 Rigney Court,233227.24,39
Erwin,Cannop,2 Esch Center,31083.36,76
Penrod,Peasee,5 Bunker Hill Way,254477.71,80
Ilyssa,Thomassin,677 Orin Point,62679.41,87
Marchelle,Swalwel,4612 Linden Alley,229374.01,76
Clerc,Carwithan,4 Granby Drive,17258.71,23
Corney,Tredger,32225 Butternut Street,200793.1,50
Rosette,Cormack,3710 Magdeline Road,127317.43,60
Nari,Askew,9 Jana Parkway,79955.79,68
Moira,De Lisle,07561 Mariners Cove Avenue,155564.75,81
Davide,Wheatcroft,2557 Summer Ridge Way,304138.01,79
Joanne,Elph,8878 Muir Point,348508.63,62
Netta,Curry,37420 Artisan Drive,23240.42,28
Stace,Sabathe,3315 Katie Point,288825.21,66
Aron,Beagin,30 Ronald Regan Circle,42410.14,39
Janel,Gingold,10839 Alpine Terrace,263765.05,41
Zorah,Brittin,787 Oriole Avenue,199606.71,27
Prudence,Haken,502 Waxwing Center,86542.35,41
Cairistiona,Awdry,69 Brickson Park Road,281164.99,39
Sherill,Sprigings,93938 Cody Plaza,97575.29,22
Dina,MacDavitt,60799 Chinook Center,78013.87,49
Kendricks,Stollery,3452 Mosinee Road,318507.15,66
Yanaton,MacFall,98 Mosinee Parkway,147714.8,50
Franciskus,Chrystie,1 Randy Trail,36154.18,56
Isabeau,McCoole,6257 Hermina Junction,219196.01,31
Celestyna,Richardsson,94 Oriole Parkway,196623.55,68
Cchaddie,Ettels,5 Hazelcrest Drive,75846.33,90
Alfred,Swanston,678 Cordelia Alley,210390.83,30
Philippine,Gatland,7 Pawling Court,163858.01,89
Howey,Islep,230 Fordem Street,247807.71,58
Cosmo,Whitman,979 Pleasure Plaza,160574.91,48
Debee,Fewster,1 Dahle Park,265698.07,67
Hebert,Nolda,81 Waxwing Terrace,211089.18,53
Dani,Cholwell,55 Algoma Lane,267613.49,66
Morgen,Dalyiel,8053 School Park,162750.2,19
Maxine,Anstey,831 Ridge Oak Court,263436.67,57
Baillie,Baunton,7205 Texas Pass,174817.34,68
Tony,Spenclay,97771 Oxford Court,288063.02,23
Marigold,Scotsbrook,36551 Artisan Hill,114430.99,37
Linette,Grinnikov,4892 Elka Terrace,157432.97,67
Adolphus,Guilder,29 Lerdahl Terrace,47064.45,78
Bambie,Bixley,7956 Northport Center,339073.88,66
Katuscha,Reeson,91 Towne Junction,87658.99,54
Janessa,Falks,53 Holy Cross Parkway,219770.99,35
Beauregard,Langwade,96744 Delladonna Park,165104.31,55
Kinny,Meynell,2 Upham Road,247036.03,86
Odelinda,Lakenden,2 Bonner Crossing,304717.49,79
Justus,Jirasek,4778 Mendota Junction,273409.39,44
Stephenie,Gatecliff,98 Troy Center,140614.26,35
Matt,Knibbs,9 Anniversary Trail,167082.44,18
Torey,Belverstone,4897 Nevada Hill,323016.92,42
Booth,Giacopetti,24517 Muir Avenue,236246.46,83
Jakob,Edkins,307 Manufacturers Court,90190.43,72
Barny,Maudlen,8176 Farmco Point,110600.04,90
Aida,Hallwell,514 Mifflin Point,51241.86,84
Hermia,BoHlingolsen,624 North Crossing,51903.66,35
Wrennie,Doohan,1 Columbus Court,296517.6,80
Ethyl,Edwicker,68808 Moulton Avenue,61595.03,44
Shay,Catherall,0830 Steensland Trail,70820.5,87
Mattie,Nockles,031 Sullivan Pass,129188.52,24
Kamila,Helder,58 Swallow Circle,331008.96,53
Patrizia,Adenet,5 Shelley Terrace,272384.04,81
Rosalind,Dorrins,16 Ryan Junction,279490.0,84
Evangelina,Cardoso,12248 Fair Oaks Court,5731.28,51
Suzanne,Goldsworthy,126 Lillian Pass,235284.34,58
Del,Vallis,41 Moland Drive,236003.26,64
Ted,Lerego,0163 Shelley Avenue,8257.16,74
Maynard,Harborow,199 Hoepker Lane,295786.22,81
Dorisa,Gainsborough,68 Sommers Drive,180635.39,73
Ignazio,Bentjens,19149 Annamark Road,160676.34,62
Patty,Sainter,1 Northridge Lane,16139.77,63
Art,Risbridge,2392 Dakota Circle,41601.6,82
Ricard,Josephs,49 Schurz Trail,204180.77,82
Trip,Credland,218 Daystar Court,288668.15,29
Thadeus,Degnen,998 Sloan Way,74315.7,22
Garrot,Gilsthorpe,48 Bluestem Point,263796.3,56
Mariejeanne,Paraman,6808 Ohio Terrace,316534.16,22
Brittany,Davidow,8623 Shopko Hill,11100.18,27
Davy,Hulstrom,900 Mifflin Pass,40921.1,78
Bernadette,Lamps,39 Darwin Crossing,83413.76,33
Urban,Winch,8698 Sauthoff Junction,38556.27,27
Joby,Brewse,51 Larry Hill,211270.14,56
Maggi,Cushelly,1247 Crownhardt Street,115033.34,26
Chrotoem,Knappitt,46 Ohio Avenue,309638.62,24
Estrellita,Salla,0397 Magdeline Way,190920.61,80
Albrecht,Ibbotson,981 Heath Crossing,81903.55,22
Petr,Medland,25256 Schmedeman Parkway,137104.96,62
Florentia,Cerie,3 Raven Junction,235376.57,20
Myrtie,Canto,4028 Milwaukee Circle,240725.85,43
Winni,Wince,76 Towne Drive,345407.54,35
Ava,Davidescu,756 Lukken Trail,153847.28,30
Candra,Jandel,08411 Cordelia Parkway,162046.99,55
Tiffie,Pozer,162 Swallow Circle,32951.45,35
Allison,Breakey,0882 Nova Park,46839.77,23
Goraud,Cotesford,5 Monterey Point,101778.36,63
Sonnie,Haye,74 Kings Place,160060.76,31
Ugo,Longley,15 Summerview Plaza,32891.65,75
Ellsworth,Joynson,368 Sauthoff Drive,80814.66,51
Ethelbert,Eglin,58 Mayer Crossing,277805.39,26
Ardra,Pascoe,80935 Colorado Street,232979.75,34
Willem,McCluney,72973 Dapin Avenue,216693.27,46
Dennie,Crenshaw,78190 Hovde Parkway,120204.48,47
Melinda,Einchcombe,9 Bellgrove Hill,99282.71,84
Floris,Gumbrell,9 Anzinger Road,227180.7,22
Dorothy,Swannell,6 Esch Park,86840.7,76
Amelita,Tesyro,3 Park Meadow Plaza,93244.69,36
Cordelie,Shoulders,30 Pennsylvania Court,201686.46,48
Pen,Aaronson,3818 Elka Plaza,16370.97,87
Julia,Hurn,28971 Green Ridge Pass,285326.99,39
Sarajane,Broadfield,8967 Mallard Road,301225.55,90
Minne,Torry,209 Hoard Road,28402.46,34
Loydie,Hoggetts,6 Prairie Rose Hill,56179.55,38
Ethelyn,Barsby,6257 Cardinal Terrace,313144.94,20
Lamar,McIlwreath,8469 Bluejay Road,181593.85,66
Alverta,De Santos,26618 Brown Court,113205.19,55
Joseito,Founds,4 Chive Hill,235428.41,77
Alyosha,Gatcliff,4 Swallow Alley,263849.25,73
Etheline,Dummigan,8 American Ash Place,302737.76,24
Moritz,Lougheed,89477 Prentice Avenue,131809.56,30
Annabell,Blamphin,9 Montana Lane,292952.84,39
Sidoney,Corzor,7 Kim Trail,26137.27,87
Isaac,Rippingale,8707 Vermont Alley,105938.48,18
Desmond,Rudolph,104 Wayridge Alley,118582.27,33
Van,Habeshaw,5700 Bluejay Lane,114779.95,19
Donetta,Mancer,47521 Acker Way,256919.22,49
Reine,Brogioni,18503 Lyons Place,197047.83,64
Douglas,Andreasen,48839 Cody Plaza,247633.44,25
Sibella,Bourbon,36 Fallview Avenue,306590.84,22
Barbaraanne,Sent,6 Namekagon Alley,164370.07,37
Gayleen,Galey,96112 Iowa Hill,147597.46,68
Marshall,Bruhke,56 Moose Point,52985.35,73
Tersina,Saiger,080 Commercial Way,64269.71,86
Heidie,Canas,07881 Sunnyside Park,71574.94,70
Inigo,Jepson,6 Weeping Birch Terrace,220862.57,80
Lia,Stowgill,33 Fulton Circle,209185.24,59
Osborn,Ilyas,0 Fallview Junction,301958.54,66
Kim,Follows,83192 Armistice Road,331480.47,72
Lyndsey,Blann,575 Gulseth Road,162255.64,24
Lucienne,Danskine,5098 Roxbury Point,340136.6,27
Tuckie,Lepoidevin,049 Rutledge Park,99672.88,65
Margaux,Shiel,22 Lillian Point,203895.91,56
Elvera,Benardet,4 Warbler Parkway,237556.46,80
Kory,Coney,36167 Lake View Avenue,37535.63,37
Adan,Jeaycock,654 Prairie Rose Crossing,16110.32,58
Rhianna,Vigours,3 Cardinal Junction,72078.92,64
Myrta,Percifer,1167 Cambridge Point,207668.18,38
Gillian,Briffett,850 Wayridge Terrace,26803.32,35
Shermie,Steventon,44047 Bunker Hill Point,270661.43,72
Barnabe,Kline,1 Harper Road,4456.96,74
Mickie,Scalera,09 Maple Wood Center,306317.45,19
Josefina,Garrish,29 Muir Trail,227221.25,44
Josephina,Wessel,9370 Daystar Lane,78368.82,76
Horatia,Faulks,5 Fremont Crossing,74372.68,18
Kimmie,Shippey,659 Marcy Court,187970.67,49
Willy,Snookes,25000 Badeau Park,115032.19,24
Northrup,Leeburn,7 American Ash Avenue,141709.07,38
Amelina,Gillfillan,29 Graedel Court,134419.95,58
Joye,Perrot,03441 Granby Avenue,325598.13,19
Mella,Coop,48 Thompson Hill,185772.03,42
Annette,Koschek,606 Summit Hill,27012.64,54
Calida,Kettlesting,099 Morningstar Center,75886.42,40
Darleen,Philpault,96386 Lighthouse Bay Terrace,64897.0,82
Amaleta,Matyushenko,6 Hansons Parkway,291090.65,62
Kylynn,Castagne,149 Dunning Avenue,321828.07,24
Emily,Corssen,4 Rutledge Court,233713.92,18
Gardener,Rowlinson,63774 Becker Lane,320392.79,33
Darill,Allitt,5045 Pepper Wood Drive,339119.39,67
Bennie,Carding,96 Morrow Street,139576.0,77
Lynnet,Cinavas,39 Ohio Drive,29848.37,63
Pancho,De Ambrosi,5050 Troy Terrace,131789.14,65
Cinnamon,Memmory,4 Oneill Plaza,113947.86,78
Julee,Camamill,92 Northridge Drive,278876.22,65
Nealson,Cannam,4 Oriole Place,38218.06,25
Tomaso,Mundie,55 Oneill Pass,186164.89,41
Fredek,Bolam,90427 Graceland Trail,183854.98,90
Germaine,Arnaez,42 David Road,333661.88,49
Gare,Arnfield,69873 Anderson Terrace,47238.05,60
Dilan,Kimmings,1 Dayton Lane,271511.69,71
Raine,MacGarrity,2 Towne Court,31604.24,23
Ham,Dobell,5409 Ronald Regan Crossing,292319.79,87
Adriane,Frape,26532 American Avenue,25671.54,54
Peder,Postins,81 Laurel Hill,98321.07,50
Eleanor,Buyers,3051 Dexter Place,116559.68,48
Gerardo,Diggons,5343 American Ash Court,51954.07,24
Joletta,Loghan,43532 Bonner Court,280483.95,54
Tamas,Sango,2631 Nevada Park,124073.27,35
Adela,Durek,30 Ryan Crossing,272305.37,20
Rhodia,Brierley,085 Northwestern Trail,164189.92,84
